timestamp,component_id,action,from_version,to_version,before_score,after_score,changes,trigger
2026-04-05,16,improve,1.0.0,1.1.0,68,84,CSS vars + keyboard nav + ARIA + focus-visible + prefers-reduced-motion,forge-optimize
2026-04-05,57,improve,1.0.0,1.1.0,72,82,next/image + mobile-first columns + strict TS + focus-visible + motion-safe,forge-optimize
2026-04-05,21,improve,1.0.0,1.1.0,75,83,Stable keys + clamp() + focus-visible + aria-label + extracted constants,forge-optimize
2026-04-05,94,improve,1.0.0,1.1.0,74,82,Browser fallback + responsive speed + disabled prop + aria support,forge-optimize
2026-04-05,55,improve,1.0.0,1.1.0,75,83,Form validation + error states + async onSubmit + select a11y + focus-visible,forge-cycle-5
2026-04-05,17,improve,1.0.0,1.1.0,77,83,CSS vars + focus-visible + aria-label + motion-reduce,forge-cycle-5
2026-04-05,54,improve,1.0.0,1.1.0,77,83,Form validation + CSS vars + aria-describedby + focus-visible,forge-cycle-5
2026-04-05,15,improve,1.0.0,1.1.0,78,84,CSS vars + focus-visible + aria-label + motion-reduce,forge-cycle-5
2026-04-05,53,improve,1.0.0,1.1.0,78,84,Form validation + CSS vars + aria-describedby + focus-visible,forge-cycle-5
